header, sequence, molecular_weight, Bjellqvist, DTASelect, Dawson, EMBOSS, Grimsley, IPC_peptide, IPC_protein, Lehninger, Nozaki, Patrickios, ProMoST, Rodwell, Sillero, Solomon, Thurlkill, Toseland, Wikipedia, Avg_pI
>sp|A5A605|YKFM_ECOLI Uncharacterized protein YkfM OS=Escherichia coli (strain K12) GN=ykfM PE=4 SV=1, MRLHVKLKEFLSMFFMAILFFPAFNASLFFTGVKPLYSIIKCSTEIFYDWRMLILCFGFMSFSFLNIHVILLTIIKSFLIKKTKVVNFATDITIQLTLIFLLIAIVIAPLIAPFVTGYVNTNYHPCGNNTGIFPGAIYIKNGMKCNNGYISRKEDSAVK, 18117.86, 9.56,  9.502,  9.823,  9.984,  9.882,  9.853,  8.873,  9.823,  9.721,  4.978,  9.414,  10.175,  9.78,  9.867,  9.663,  9.545,  9.984,  9.716
>sp|A5A607|YLCI_ECOLI Uncharacterized protein YlcI OS=Escherichia coli (strain K12) GN=ylcI PE=4 SV=1, MSTKNRTRRTTTRNIRFPNQMIEQINIALEQKGSGNFSAWVIEACRRRLTSEKRAYTSIKSDEE, 7520.51, 10.482,  10.482,  10.789,  11.125,  10.818,  10.95,  10.175,  10.906,  10.716,  10.804,  10.379,  10.994,  10.73,  10.935,  10.716,  10.73,  10.994,  10.745
>sp|A5A611|YMGI_ECOLI Uncharacterized protein YmgI OS=Escherichia coli (strain K12) GN=ymgI PE=4 SV=1, MSYSSFKIILIHVKNIIPIITATLILNYLNNSERSLVKQILIEDEIIVCATYLIPDI, 6517.81, 5.537,  5.83,  5.486,  5.652,  5.563,  5.499,  5.372,  5.461,  5.677,  3.503,  5.601,  5.436,  5.766,  5.486,  5.69,  5.537,  5.423,  5.564
>sp|A5A612|YMGJ_ECOLI Uncharacterized protein YmgJ OS=Escherichia coli (strain K12) GN=ymgJ PE=4 SV=1, MSRRYSSATITLVILFCRRPHCRKISVRQYYQKRVIFYPTTLQRTACKKCLFLMRDIIISS, 7361.89, 10.701,  10.687,  10.906,  11.199,  10.979,  11.052,  10.906,  11.008,  10.804,  10.804,  10.613,  11.052,  10.847,  11.052,  10.804,  10.789,  11.169,  10.911
>sp|A5A613|YCIY_ECOLI Uncharacterized protein YciY OS=Escherichia coli (strain K12) GN=yciY PE=3 SV=1, MKRSRTEVGRWRMQRQASRRKSRWLEGQSRRNMRIHSIRKCILNKQRNSLLFAIYNI, 7102.36, 12.208,  12.208,  12.223,  12.705,  12.252,  12.705,  12.047,  12.603,  12.208,  11.608,  12.705,  11.886,  12.208,  12.705,  12.208,  12.208,  12.691,  12.361
>sp|A5A614|YCIZ_ECOLI UPF0509 protein YciZ OS=Escherichia coli (strain K12) GN=yciZ PE=3 SV=1, MSEFDAQRVAERIDIVLDILVAGDYHSAIHNLEILKAELLRQVAESTPDIPKAPWEI, 6441.36, 4.533,  4.647,  4.38,  4.279,  4.19,  4.368,  4.418,  4.317,  4.495,  4.05,  4.546,  4.266,  4.546,  4.368,  4.291,  4.266,  4.266,  4.386
>sp|A5A615|YNCL_ECOLI Uncharacterized protein YncL OS=Escherichia coli (strain K12) GN=yncL PE=1 SV=1, MNVSSRTVVLINFFAAVGLFTLISMRFGWFI, 3538.27, 12.003,  12.003,  12.003,  12.501,  12.047,  12.501,  11.842,  12.398,  12.003,  11.506,  12.501,  11.506,  12.003,  12.501,  12.003,  12.003,  12.486,  12.144
>sp|A5A616|YNEM_ECOLI Uncharacterized protein YneM OS=Escherichia coli (strain K12) GN=yneM PE=1 SV=1, MLGNMNVFMAVLGIILFSGFLAAYFSHKWDD, 3509.16, 5.372,  5.614,  5.13,  5.41,  5.245,  5.118,  4.94,  5.092,  5.359,  3.897,  4.342,  5.029,  5.372,  5.118,  5.347,  5.156,  5.194,  5.177
>sp|A5A617|YDGU_ECOLI Uncharacterized protein YdgU OS=Escherichia coli (strain K12) GN=ydgU PE=1 SV=1, MVGRYRFEFILIILILCALITARFYLS, 3236.03, 9.297,  9.151,  9.165,  9.326,  8.858,  9.604,  9.765,  9.619,  9.268,  4.202,  8.902,  9.121,  9.355,  9.648,  9.077,  8.96,  9.326,  9.278
>sp|A5A618|YNHF_ECOLI Uncharacterized protein YnhF OS=Escherichia coli (strain K12) GN=ynhF PE=1 SV=1, MSTDLKFSLVTTIIVLGLIVAVGLTAALH, 2997.67, 6.491,  7.249,  7.102,  7.556,  7.146,  7.775,  7.205,  7.819,  6.898,  7.702,  5.55,  7.0,  7.293,  7.775,  7.263,  7.512,  7.117,  7.172
>sp|A5A619|YOJO_ECOLI Uncharacterized protein YojO OS=Escherichia coli (strain K12) GN=yojO PE=3 SV=1, MHTPIGVKPVAGSKEWREAWQKRAFAHISNGYKYIYIAIDSPEIFLLVCSLIRI, 6218.33, 9.355,  9.311,  9.56,  9.692,  9.633,  9.706,  8.887,  9.692,  9.414,  4.8,  9.107,  9.736,  9.545,  9.721,  9.399,  9.282,  9.75,  9.487
>sp|A5A621|YPFM_ECOLI Uncharacterized protein YpfM OS=Escherichia coli (strain K12) GN=ypfM PE=1 SV=1, MIERELGNWKDFIEVMLRK, 2407.87, 6.008,  6.504,  6.517,  6.649,  6.211,  7.161,  6.766,  7.176,  6.237,  7.702,  7.19,  6.389,  6.62,  7.161,  6.402,  6.751,  6.44,  6.636
>sp|A5A624|DINQ_ECOLI Uncharacterized protein DinQ OS=Escherichia coli (strain K12) GN=dinQ PE=2 SV=2, MIDKAIIVLGALIALLELIRFLLQLLN, 3020.84, 5.817,  6.351,  6.338,  6.491,  6.008,  6.985,  6.649,  7.015,  6.059,  7.702,  5.944,  6.186,  6.415,  7.0,  6.224,  6.547,  6.287,  6.395
>sp|A5A625|YIBV_ECOLI Putative uncharacterized protein YibV OS=Escherichia coli (strain K12) GN=yibV PE=5 SV=1, MADKAILWALISASTKEGRKACSLSYFACKAAEAELGLAYMAANDNKEFLTSLSNIMRYKIDAGLSESYTCYLLSKGKIIRPYLKNLNPLQLAADCIETVNKIKDKNKKNH, 12340.4, 9.18,  9.033,  9.253,  9.414,  9.18,  9.37,  8.361,  9.355,  9.355,  4.507,  8.829,  9.458,  9.355,  9.37,  9.165,  8.916,  9.355,  9.184
>sp|A5A627|TISB_ECOLI Small toxic protein TisB OS=Escherichia coli (strain K12) GN=tisB PE=2 SV=1, MNLVDIAILILKLIVAALQLLDAVLKYLK, 3222.1, 8.185,  8.668,  8.96,  9.224,  8.756,  9.545,  8.58,  9.56,  8.448,  7.644,  9.238,  9.004,  8.902,  9.56,  8.77,  9.033,  9.033,  8.967
>sp|A5A628|YJBT_ECOLI Uncharacterized protein YjbT OS=Escherichia coli (strain K12) GN=yjbT PE=3 SV=1, MKRNLIKVVKMKPYFAALMLSVSVLPAYAGPLGTADKADLPQSNVSSPMMAQSLRQPDLQPISTDRKTECFRLYTPDRKPGVNCVPDGSTGH, 10048.73, 9.516,  9.458,  9.765,  9.94,  9.823,  9.853,  8.843,  9.838,  9.677,  7.6,  9.253,  10.116,  9.736,  9.853,  9.633,  9.531,  9.926,  9.673
>sp|A5A630|YTCA_ECOLI Uncharacterized protein YtcA OS=Escherichia coli (strain K12) GN=ytcA PE=3 SV=1, MPTVLSRMAMQLKKTAWIIPVFMVSGCSLSPAIPVIGAYYPSWFFCAIASLILTLITRRVIQRANINLAFVGIIYTALFALYAMLFWLAFF, 10256.56, 10.043,  10.014,  10.218,  10.335,  10.35,  10.262,  10.379,  10.233,  9.999,  7.278,  9.838,  10.35,  10.16,  10.277,  10.028,  9.882,  10.482,  10.178
>sp|A8DYP9|LPFUR_ECOLI Fur leader peptide OS=Escherichia coli (strain K12) GN=uof PE=1 SV=1, MIRIISRANSVTSSNEVNRLVTGQIPHD, 3108.52, 9.282,  9.765,  9.853,  10.306,  9.648,  10.789,  10.218,  10.789,  9.531,  10.716,  9.063,  9.516,  9.867,  10.804,  9.765,  10.116,  10.101,  9.963
>sp|A8DYQ1|YTHA_ECOLI Uncharacterized protein YthA OS=Escherichia coli (strain K12) GN=ythA PE=1 SV=1, MIKNFIFDNLIILAVPFMIKTSLKTNLIFFFLCVFVPHMAS, 4778.94, 9.194,  9.048,  9.282,  9.589,  8.902,  9.75,  8.624,  9.78,  9.633,  10.716,  8.77,  9.765,  9.458,  9.75,  9.282,  9.311,  9.268,  9.338
>sp|C1P5Z7|SGRT_ECOLI Putative inhibitor of glucose uptake transporter SgrT OS=Escherichia coli (strain K12) GN=sgrT PE=1 SV=1, MRQFYQHYFTATAKLCWLRWLSVPQRLTMLEGLMQWDDRNSES, 5338.14, 7.951,  8.214,  8.229,  8.507,  7.395,  8.77,  8.141,  8.799,  8.273,  4.38,  7.6,  8.141,  8.521,  8.785,  8.244,  7.79,  8.185,  8.222
>sp|C1P5Z8|YKGR_ECOLI Uncharacterized membrane protein YkgR OS=Escherichia coli (strain K12) GN=ykgR PE=1 SV=1, MKENKVQQISHKLINIVVFVAIVEYAYLFLHFY, 3998.78, 8.141,  8.58,  8.799,  9.019,  8.668,  9.326,  8.58,  9.311,  8.287,  3.897,  8.946,  8.77,  8.756,  9.341,  8.609,  8.785,  8.931,  8.803
